participant.id_in_session,participant.code,participant.label,participant._is_bot,participant._index_in_pages,participant._max_page_index,participant._current_app_name,participant._current_page_name,participant.time_started_utc,participant.visited,participant.mturk_worker_id,participant.mturk_assignment_id,participant.payoff,participant.finished,participant.Trad_strict,participant.ES_strict,participant.switch_order,participant.confirm,participant.start_time,participant.end_time,session.code,session.label,session.mturk_HITId,session.mturk_HITGroupId,session.comment,session.is_demo,session.config.participation_fee,session.config.real_world_currency_per_point,session.config.name,session.config.development,session.prolific_completion_url,welfare.1.player.id_in_group,welfare.1.player.role,welfare.1.player.payoff,welfare.1.player.confirm,welfare.1.player.ES_wtp,welfare.1.player.Trad_wtp,welfare.1.player.ES_learn,welfare.1.player.Trad_learn,welfare.1.player.ES_wtp2,welfare.1.player.Trad_wtp2,welfare.1.player.ES_learn2,welfare.1.player.Trad_learn2,welfare.1.player.ES_wtp3,welfare.1.player.Trad_wtp3,welfare.1.player.ES_learn3,welfare.1.player.Trad_learn3,welfare.1.player.experience,welfare.1.player.experienceWhy,welfare.1.player.arkansas,welfare.1.player.arkansasWhy,welfare.1.player.warhol,welfare.1.player.warholWhy,welfare.1.player.cq1,welfare.1.player.cq2,welfare.1.player.cq3,welfare.1.player.cq4,welfare.1.player.cq5,welfare.1.player.gender,welfare.1.player.ethnic,welfare.1.player.age,welfare.1.player.education,welfare.1.player.marital,welfare.1.player.income,welfare.1.player.percentProlific,welfare.1.player.state,welfare.1.player.feedback,welfare.1.player.feedbackDifficulty,welfare.1.player.feedbackUnderstanding,welfare.1.player.feedbackSatisfied,welfare.1.player.feedbackPay,welfare.1.player.cq1_mistakes,welfare.1.player.cq2_mistakes,welfare.1.player.cq3_mistakes,welfare.1.player.cq4_mistakes,welfare.1.player.cq5_mistakes,welfare.1.player.ES_learn_mistakes,welfare.1.player.Trad_learn_mistakes,welfare.1.player.ES_learn2_mistakes,welfare.1.player.Trad_learn2_mistakes,welfare.1.player.ES_learn3_mistakes,welfare.1.player.Trad_learn3_mistakes,welfare.1.group.id_in_subsession,welfare.1.subsession.round_number,welfare.2.player.id_in_group,welfare.2.player.role,welfare.2.player.payoff,welfare.2.player.confirm,welfare.2.player.ES_wtp,welfare.2.player.Trad_wtp,welfare.2.player.ES_learn,welfare.2.player.Trad_learn,welfare.2.player.ES_wtp2,welfare.2.player.Trad_wtp2,welfare.2.player.ES_learn2,welfare.2.player.Trad_learn2,welfare.2.player.ES_wtp3,welfare.2.player.Trad_wtp3,welfare.2.player.ES_learn3,welfare.2.player.Trad_learn3,welfare.2.player.experience,welfare.2.player.experienceWhy,welfare.2.player.arkansas,welfare.2.player.arkansasWhy,welfare.2.player.warhol,welfare.2.player.warholWhy,welfare.2.player.cq1,welfare.2.player.cq2,welfare.2.player.cq3,welfare.2.player.cq4,welfare.2.player.cq5,welfare.2.player.gender,welfare.2.player.ethnic,welfare.2.player.age,welfare.2.player.education,welfare.2.player.marital,welfare.2.player.income,welfare.2.player.percentProlific,welfare.2.player.state,welfare.2.player.feedback,welfare.2.player.feedbackDifficulty,welfare.2.player.feedbackUnderstanding,welfare.2.player.feedbackSatisfied,welfare.2.player.feedbackPay,welfare.2.player.cq1_mistakes,welfare.2.player.cq2_mistakes,welfare.2.player.cq3_mistakes,welfare.2.player.cq4_mistakes,welfare.2.player.cq5_mistakes,welfare.2.player.ES_learn_mistakes,welfare.2.player.Trad_learn_mistakes,welfare.2.player.ES_learn2_mistakes,welfare.2.player.Trad_learn2_mistakes,welfare.2.player.ES_learn3_mistakes,welfare.2.player.Trad_learn3_mistakes,welfare.2.group.id_in_subsession,welfare.2.subsession.round_number
1,j64hy8v3,,0,34,34,welfare,Redirect,2023-07-26 14:43:43.402872,1,,,0.0,1,true,true,1,1,1690382623.414173,1690382721.5705888,axwn0hu9,,,,,0,3.0,1.0,welfare,0,,1,,0.0,1,1,1,2,1,1,1,2,1,"{""history"":[],""cutoff"":""left:4""}","{""history"":[],""cutoff"":""left:5""}",2,1,,,,,,,1,1,2,2,3,,,,,,,,,,,,,,0,0,0,0,0,0,0,0,0,0,1,1,1,1,,0.0,,,,,,,,,,,,,,0,d,1,d,1,d,,,,,,,,,,,,,,,10,10,10,10,0,0,0,0,0,0,0,0,0,0,0,1,2
2,zqjg0kos,,0,34,34,welfare,Redirect,2023-07-26 14:45:25.772384,1,,,0.0,1,,,0,1,1690382725.822846,1690382782.735681,axwn0hu9,,,,,0,3.0,1.0,welfare,0,,2,,0.0,1,3,3,2,1,,,,,,,,,,,,,,,1,1,2,2,3,,,,,,,,,,,,,,2,2,2,0,0,0,0,0,0,0,0,1,1,2,,0.0,,,,,,,,,,,,,,0,w,0,w,0,w,,,,,,,,,,,,,,,4,6,8,10,0,0,0,0,0,0,0,0,0,0,0,1,2
3,7hokeghy,,0,34,34,welfare,Redirect,2023-07-26 14:46:25.941724,1,,,0.0,1,,,1,1,1690382785.990029,1690382849.617532,axwn0hu9,,,,,0,3.0,1.0,welfare,0,,3,,0.0,1,2,2,2,1,1,2,2,1,,,,,,,,,,,1,1,2,2,3,,,,,,,,,,,,,,0,0,0,0,0,0,0,0,0,0,0,1,1,3,,0.0,,,,,,,,,,,,,,0,w,0,w,1,w,,,,,,,,,,,,,,,1,10,1,9,0,0,0,0,0,0,0,0,0,0,0,1,2
4,s7gmturb,,0,34,34,welfare,Redirect,2023-07-26 14:47:32.819036,1,,,0.0,1,false,true,0,2,1690382852.8664021,1690382945.372729,axwn0hu9,,,,,0,3.0,1.0,welfare,0,,4,,0.0,2,3,3,2,1,,,,,,,,,,,,,,,1,1,2,2,3,,,,,,,,,,,,,,0,4,4,0,0,1,0,0,0,0,0,1,1,4,,0.0,,1,3,2,1,1,,2,,"{""history"":[],""cutoff"":""left:5""}",NA,2,,0,w,0,w,0,w,,,,,,,,,,,,,,,5,8,10,8,0,0,0,0,0,1,1,1,0,1,0,1,2
5,41u3a2td,,0,34,34,welfare,Redirect,2023-07-26 14:49:29.975299,1,,,0.0,1,true,false,1,1,1690382970.027231,1690383039.198637,axwn0hu9,,,,,0,3.0,1.0,welfare,0,,5,,0.0,1,3,1,2,1,,1,,1,NA,"{""history"":[],""cutoff"":""left:3""}",,1,,,,,,,1,1,2,2,3,,,,,,,,,,,,,,0,0,0,0,0,0,0,0,0,0,0,1,1,5,,0.0,,,,,,,,,,,,,,0,q,0,q,0,q,,,,,,,,,,,,,,q,1,2,3,4,0,0,0,0,0,0,0,0,0,0,0,1,2
6,vggwwq6r,,0,0,34,,,,0,,,0.0,,,,0,,,,axwn0hu9,,,,,0,3.0,1.0,welfare,0,,6,,0.0,,,,,,,,,,,,,,,,,,,,,,,,,,,,,,,,,,,,,,0,0,0,0,0,0,0,0,0,0,0,1,1,6,,0.0,,,,,,,,,,,,,,,,,,,,,,,,,,,,,,,,,,,,,,0,0,0,0,0,0,0,0,0,0,0,1,2
7,f9bivqxa,,0,0,34,,,,0,,,0.0,,,,1,,,,axwn0hu9,,,,,0,3.0,1.0,welfare,0,,7,,0.0,,,,,,,,,,,,,,,,,,,,,,,,,,,,,,,,,,,,,,0,0,0,0,0,0,0,0,0,0,0,1,1,7,,0.0,,,,,,,,,,,,,,,,,,,,,,,,,,,,,,,,,,,,,,0,0,0,0,0,0,0,0,0,0,0,1,2
8,3a4jmedp,,0,0,34,,,,0,,,0.0,,,,0,,,,axwn0hu9,,,,,0,3.0,1.0,welfare,0,,8,,0.0,,,,,,,,,,,,,,,,,,,,,,,,,,,,,,,,,,,,,,0,0,0,0,0,0,0,0,0,0,0,1,1,8,,0.0,,,,,,,,,,,,,,,,,,,,,,,,,,,,,,,,,,,,,,0,0,0,0,0,0,0,0,0,0,0,1,2
9,bjcn8f7t,,0,0,34,,,,0,,,0.0,,,,1,,,,axwn0hu9,,,,,0,3.0,1.0,welfare,0,,9,,0.0,,,,,,,,,,,,,,,,,,,,,,,,,,,,,,,,,,,,,,0,0,0,0,0,0,0,0,0,0,0,1,1,9,,0.0,,,,,,,,,,,,,,,,,,,,,,,,,,,,,,,,,,,,,,0,0,0,0,0,0,0,0,0,0,0,1,2
10,fmai7838,,0,0,34,,,,0,,,0.0,,,,0,,,,axwn0hu9,,,,,0,3.0,1.0,welfare,0,,10,,0.0,,,,,,,,,,,,,,,,,,,,,,,,,,,,,,,,,,,,,,0,0,0,0,0,0,0,0,0,0,0,1,1,10,,0.0,,,,,,,,,,,,,,,,,,,,,,,,,,,,,,,,,,,,,,0,0,0,0,0,0,0,0,0,0,0,1,2
11,vmedfvdd,,0,0,34,,,,0,,,0.0,,,,1,,,,axwn0hu9,,,,,0,3.0,1.0,welfare,0,,11,,0.0,,,,,,,,,,,,,,,,,,,,,,,,,,,,,,,,,,,,,,0,0,0,0,0,0,0,0,0,0,0,1,1,11,,0.0,,,,,,,,,,,,,,,,,,,,,,,,,,,,,,,,,,,,,,0,0,0,0,0,0,0,0,0,0,0,1,2
12,v13bm3d9,,0,0,34,,,,0,,,0.0,,,,0,,,,axwn0hu9,,,,,0,3.0,1.0,welfare,0,,12,,0.0,,,,,,,,,,,,,,,,,,,,,,,,,,,,,,,,,,,,,,0,0,0,0,0,0,0,0,0,0,0,1,1,12,,0.0,,,,,,,,,,,,,,,,,,,,,,,,,,,,,,,,,,,,,,0,0,0,0,0,0,0,0,0,0,0,1,2
13,facfsard,,0,0,34,,,,0,,,0.0,,,,1,,,,axwn0hu9,,,,,0,3.0,1.0,welfare,0,,13,,0.0,,,,,,,,,,,,,,,,,,,,,,,,,,,,,,,,,,,,,,0,0,0,0,0,0,0,0,0,0,0,1,1,13,,0.0,,,,,,,,,,,,,,,,,,,,,,,,,,,,,,,,,,,,,,0,0,0,0,0,0,0,0,0,0,0,1,2
14,xsvyc58p,,0,0,34,,,,0,,,0.0,,,,0,,,,axwn0hu9,,,,,0,3.0,1.0,welfare,0,,14,,0.0,,,,,,,,,,,,,,,,,,,,,,,,,,,,,,,,,,,,,,0,0,0,0,0,0,0,0,0,0,0,1,1,14,,0.0,,,,,,,,,,,,,,,,,,,,,,,,,,,,,,,,,,,,,,0,0,0,0,0,0,0,0,0,0,0,1,2
15,w4w2qtoi,,0,0,34,,,,0,,,0.0,,,,1,,,,axwn0hu9,,,,,0,3.0,1.0,welfare,0,,15,,0.0,,,,,,,,,,,,,,,,,,,,,,,,,,,,,,,,,,,,,,0,0,0,0,0,0,0,0,0,0,0,1,1,15,,0.0,,,,,,,,,,,,,,,,,,,,,,,,,,,,,,,,,,,,,,0,0,0,0,0,0,0,0,0,0,0,1,2
16,ul0ae6wf,,0,0,34,,,,0,,,0.0,,,,0,,,,axwn0hu9,,,,,0,3.0,1.0,welfare,0,,16,,0.0,,,,,,,,,,,,,,,,,,,,,,,,,,,,,,,,,,,,,,0,0,0,0,0,0,0,0,0,0,0,1,1,16,,0.0,,,,,,,,,,,,,,,,,,,,,,,,,,,,,,,,,,,,,,0,0,0,0,0,0,0,0,0,0,0,1,2
17,4dz3c97w,,0,0,34,,,,0,,,0.0,,,,1,,,,axwn0hu9,,,,,0,3.0,1.0,welfare,0,,17,,0.0,,,,,,,,,,,,,,,,,,,,,,,,,,,,,,,,,,,,,,0,0,0,0,0,0,0,0,0,0,0,1,1,17,,0.0,,,,,,,,,,,,,,,,,,,,,,,,,,,,,,,,,,,,,,0,0,0,0,0,0,0,0,0,0,0,1,2
18,pz2qbh8e,,0,0,34,,,,0,,,0.0,,,,0,,,,axwn0hu9,,,,,0,3.0,1.0,welfare,0,,18,,0.0,,,,,,,,,,,,,,,,,,,,,,,,,,,,,,,,,,,,,,0,0,0,0,0,0,0,0,0,0,0,1,1,18,,0.0,,,,,,,,,,,,,,,,,,,,,,,,,,,,,,,,,,,,,,0,0,0,0,0,0,0,0,0,0,0,1,2
19,ehm7r3kk,,0,0,34,,,,0,,,0.0,,,,1,,,,axwn0hu9,,,,,0,3.0,1.0,welfare,0,,19,,0.0,,,,,,,,,,,,,,,,,,,,,,,,,,,,,,,,,,,,,,0,0,0,0,0,0,0,0,0,0,0,1,1,19,,0.0,,,,,,,,,,,,,,,,,,,,,,,,,,,,,,,,,,,,,,0,0,0,0,0,0,0,0,0,0,0,1,2
20,2uz8ih16,,0,0,34,,,,0,,,0.0,,,,0,,,,axwn0hu9,,,,,0,3.0,1.0,welfare,0,,20,,0.0,,,,,,,,,,,,,,,,,,,,,,,,,,,,,,,,,,,,,,0,0,0,0,0,0,0,0,0,0,0,1,1,20,,0.0,,,,,,,,,,,,,,,,,,,,,,,,,,,,,,,,,,,,,,0,0,0,0,0,0,0,0,0,0,0,1,2
21,102kv7ux,,0,0,34,,,,0,,,0.0,,,,1,,,,axwn0hu9,,,,,0,3.0,1.0,welfare,0,,21,,0.0,,,,,,,,,,,,,,,,,,,,,,,,,,,,,,,,,,,,,,0,0,0,0,0,0,0,0,0,0,0,1,1,21,,0.0,,,,,,,,,,,,,,,,,,,,,,,,,,,,,,,,,,,,,,0,0,0,0,0,0,0,0,0,0,0,1,2
22,bvf3kg9r,,0,0,34,,,,0,,,0.0,,,,0,,,,axwn0hu9,,,,,0,3.0,1.0,welfare,0,,22,,0.0,,,,,,,,,,,,,,,,,,,,,,,,,,,,,,,,,,,,,,0,0,0,0,0,0,0,0,0,0,0,1,1,22,,0.0,,,,,,,,,,,,,,,,,,,,,,,,,,,,,,,,,,,,,,0,0,0,0,0,0,0,0,0,0,0,1,2
23,eonqijzw,,0,0,34,,,,0,,,0.0,,,,1,,,,axwn0hu9,,,,,0,3.0,1.0,welfare,0,,23,,0.0,,,,,,,,,,,,,,,,,,,,,,,,,,,,,,,,,,,,,,0,0,0,0,0,0,0,0,0,0,0,1,1,23,,0.0,,,,,,,,,,,,,,,,,,,,,,,,,,,,,,,,,,,,,,0,0,0,0,0,0,0,0,0,0,0,1,2
24,uc03wcy9,,0,0,34,,,,0,,,0.0,,,,0,,,,axwn0hu9,,,,,0,3.0,1.0,welfare,0,,24,,0.0,,,,,,,,,,,,,,,,,,,,,,,,,,,,,,,,,,,,,,0,0,0,0,0,0,0,0,0,0,0,1,1,24,,0.0,,,,,,,,,,,,,,,,,,,,,,,,,,,,,,,,,,,,,,0,0,0,0,0,0,0,0,0,0,0,1,2
25,y5q731zc,,0,0,34,,,,0,,,0.0,,,,1,,,,axwn0hu9,,,,,0,3.0,1.0,welfare,0,,25,,0.0,,,,,,,,,,,,,,,,,,,,,,,,,,,,,,,,,,,,,,0,0,0,0,0,0,0,0,0,0,0,1,1,25,,0.0,,,,,,,,,,,,,,,,,,,,,,,,,,,,,,,,,,,,,,0,0,0,0,0,0,0,0,0,0,0,1,2
26,p0hec8qy,,0,0,34,,,,0,,,0.0,,,,0,,,,axwn0hu9,,,,,0,3.0,1.0,welfare,0,,26,,0.0,,,,,,,,,,,,,,,,,,,,,,,,,,,,,,,,,,,,,,0,0,0,0,0,0,0,0,0,0,0,1,1,26,,0.0,,,,,,,,,,,,,,,,,,,,,,,,,,,,,,,,,,,,,,0,0,0,0,0,0,0,0,0,0,0,1,2
27,xygcoamr,,0,0,34,,,,0,,,0.0,,,,1,,,,axwn0hu9,,,,,0,3.0,1.0,welfare,0,,27,,0.0,,,,,,,,,,,,,,,,,,,,,,,,,,,,,,,,,,,,,,0,0,0,0,0,0,0,0,0,0,0,1,1,27,,0.0,,,,,,,,,,,,,,,,,,,,,,,,,,,,,,,,,,,,,,0,0,0,0,0,0,0,0,0,0,0,1,2
28,ex4jh80a,,0,0,34,,,,0,,,0.0,,,,0,,,,axwn0hu9,,,,,0,3.0,1.0,welfare,0,,28,,0.0,,,,,,,,,,,,,,,,,,,,,,,,,,,,,,,,,,,,,,0,0,0,0,0,0,0,0,0,0,0,1,1,28,,0.0,,,,,,,,,,,,,,,,,,,,,,,,,,,,,,,,,,,,,,0,0,0,0,0,0,0,0,0,0,0,1,2
29,6rpcgrmc,,0,0,34,,,,0,,,0.0,,,,1,,,,axwn0hu9,,,,,0,3.0,1.0,welfare,0,,29,,0.0,,,,,,,,,,,,,,,,,,,,,,,,,,,,,,,,,,,,,,0,0,0,0,0,0,0,0,0,0,0,1,1,29,,0.0,,,,,,,,,,,,,,,,,,,,,,,,,,,,,,,,,,,,,,0,0,0,0,0,0,0,0,0,0,0,1,2
30,pe12irkm,,0,0,34,,,,0,,,0.0,,,,0,,,,axwn0hu9,,,,,0,3.0,1.0,welfare,0,,30,,0.0,,,,,,,,,,,,,,,,,,,,,,,,,,,,,,,,,,,,,,0,0,0,0,0,0,0,0,0,0,0,1,1,30,,0.0,,,,,,,,,,,,,,,,,,,,,,,,,,,,,,,,,,,,,,0,0,0,0,0,0,0,0,0,0,0,1,2
31,f9v51pk2,,0,0,34,,,,0,,,0.0,,,,1,,,,axwn0hu9,,,,,0,3.0,1.0,welfare,0,,31,,0.0,,,,,,,,,,,,,,,,,,,,,,,,,,,,,,,,,,,,,,0,0,0,0,0,0,0,0,0,0,0,1,1,31,,0.0,,,,,,,,,,,,,,,,,,,,,,,,,,,,,,,,,,,,,,0,0,0,0,0,0,0,0,0,0,0,1,2
32,bh2gw7lg,,0,0,34,,,,0,,,0.0,,,,0,,,,axwn0hu9,,,,,0,3.0,1.0,welfare,0,,32,,0.0,,,,,,,,,,,,,,,,,,,,,,,,,,,,,,,,,,,,,,0,0,0,0,0,0,0,0,0,0,0,1,1,32,,0.0,,,,,,,,,,,,,,,,,,,,,,,,,,,,,,,,,,,,,,0,0,0,0,0,0,0,0,0,0,0,1,2
33,id6rvy6p,,0,0,34,,,,0,,,0.0,,,,1,,,,axwn0hu9,,,,,0,3.0,1.0,welfare,0,,33,,0.0,,,,,,,,,,,,,,,,,,,,,,,,,,,,,,,,,,,,,,0,0,0,0,0,0,0,0,0,0,0,1,1,33,,0.0,,,,,,,,,,,,,,,,,,,,,,,,,,,,,,,,,,,,,,0,0,0,0,0,0,0,0,0,0,0,1,2
34,tzv4ty9v,,0,0,34,,,,0,,,0.0,,,,0,,,,axwn0hu9,,,,,0,3.0,1.0,welfare,0,,34,,0.0,,,,,,,,,,,,,,,,,,,,,,,,,,,,,,,,,,,,,,0,0,0,0,0,0,0,0,0,0,0,1,1,34,,0.0,,,,,,,,,,,,,,,,,,,,,,,,,,,,,,,,,,,,,,0,0,0,0,0,0,0,0,0,0,0,1,2
35,ykfc8f5o,,0,0,34,,,,0,,,0.0,,,,1,,,,axwn0hu9,,,,,0,3.0,1.0,welfare,0,,35,,0.0,,,,,,,,,,,,,,,,,,,,,,,,,,,,,,,,,,,,,,0,0,0,0,0,0,0,0,0,0,0,1,1,35,,0.0,,,,,,,,,,,,,,,,,,,,,,,,,,,,,,,,,,,,,,0,0,0,0,0,0,0,0,0,0,0,1,2
36,0maflkop,,0,0,34,,,,0,,,0.0,,,,0,,,,axwn0hu9,,,,,0,3.0,1.0,welfare,0,,36,,0.0,,,,,,,,,,,,,,,,,,,,,,,,,,,,,,,,,,,,,,0,0,0,0,0,0,0,0,0,0,0,1,1,36,,0.0,,,,,,,,,,,,,,,,,,,,,,,,,,,,,,,,,,,,,,0,0,0,0,0,0,0,0,0,0,0,1,2
37,v6uoo0kk,,0,0,34,,,,0,,,0.0,,,,1,,,,axwn0hu9,,,,,0,3.0,1.0,welfare,0,,37,,0.0,,,,,,,,,,,,,,,,,,,,,,,,,,,,,,,,,,,,,,0,0,0,0,0,0,0,0,0,0,0,1,1,37,,0.0,,,,,,,,,,,,,,,,,,,,,,,,,,,,,,,,,,,,,,0,0,0,0,0,0,0,0,0,0,0,1,2
38,2g120p51,,0,0,34,,,,0,,,0.0,,,,0,,,,axwn0hu9,,,,,0,3.0,1.0,welfare,0,,38,,0.0,,,,,,,,,,,,,,,,,,,,,,,,,,,,,,,,,,,,,,0,0,0,0,0,0,0,0,0,0,0,1,1,38,,0.0,,,,,,,,,,,,,,,,,,,,,,,,,,,,,,,,,,,,,,0,0,0,0,0,0,0,0,0,0,0,1,2
39,wcla5iub,,0,0,34,,,,0,,,0.0,,,,1,,,,axwn0hu9,,,,,0,3.0,1.0,welfare,0,,39,,0.0,,,,,,,,,,,,,,,,,,,,,,,,,,,,,,,,,,,,,,0,0,0,0,0,0,0,0,0,0,0,1,1,39,,0.0,,,,,,,,,,,,,,,,,,,,,,,,,,,,,,,,,,,,,,0,0,0,0,0,0,0,0,0,0,0,1,2
40,5d4g3qt6,,0,0,34,,,,0,,,0.0,,,,0,,,,axwn0hu9,,,,,0,3.0,1.0,welfare,0,,40,,0.0,,,,,,,,,,,,,,,,,,,,,,,,,,,,,,,,,,,,,,0,0,0,0,0,0,0,0,0,0,0,1,1,40,,0.0,,,,,,,,,,,,,,,,,,,,,,,,,,,,,,,,,,,,,,0,0,0,0,0,0,0,0,0,0,0,1,2
41,dt168ckt,,0,0,34,,,,0,,,0.0,,,,1,,,,axwn0hu9,,,,,0,3.0,1.0,welfare,0,,41,,0.0,,,,,,,,,,,,,,,,,,,,,,,,,,,,,,,,,,,,,,0,0,0,0,0,0,0,0,0,0,0,1,1,41,,0.0,,,,,,,,,,,,,,,,,,,,,,,,,,,,,,,,,,,,,,0,0,0,0,0,0,0,0,0,0,0,1,2
42,0d4g1ml8,,0,0,34,,,,0,,,0.0,,,,0,,,,axwn0hu9,,,,,0,3.0,1.0,welfare,0,,42,,0.0,,,,,,,,,,,,,,,,,,,,,,,,,,,,,,,,,,,,,,0,0,0,0,0,0,0,0,0,0,0,1,1,42,,0.0,,,,,,,,,,,,,,,,,,,,,,,,,,,,,,,,,,,,,,0,0,0,0,0,0,0,0,0,0,0,1,2
43,wjcne697,,0,0,34,,,,0,,,0.0,,,,1,,,,axwn0hu9,,,,,0,3.0,1.0,welfare,0,,43,,0.0,,,,,,,,,,,,,,,,,,,,,,,,,,,,,,,,,,,,,,0,0,0,0,0,0,0,0,0,0,0,1,1,43,,0.0,,,,,,,,,,,,,,,,,,,,,,,,,,,,,,,,,,,,,,0,0,0,0,0,0,0,0,0,0,0,1,2
44,8m60ea8i,,0,0,34,,,,0,,,0.0,,,,0,,,,axwn0hu9,,,,,0,3.0,1.0,welfare,0,,44,,0.0,,,,,,,,,,,,,,,,,,,,,,,,,,,,,,,,,,,,,,0,0,0,0,0,0,0,0,0,0,0,1,1,44,,0.0,,,,,,,,,,,,,,,,,,,,,,,,,,,,,,,,,,,,,,0,0,0,0,0,0,0,0,0,0,0,1,2
45,1ru356b0,,0,0,34,,,,0,,,0.0,,,,1,,,,axwn0hu9,,,,,0,3.0,1.0,welfare,0,,45,,0.0,,,,,,,,,,,,,,,,,,,,,,,,,,,,,,,,,,,,,,0,0,0,0,0,0,0,0,0,0,0,1,1,45,,0.0,,,,,,,,,,,,,,,,,,,,,,,,,,,,,,,,,,,,,,0,0,0,0,0,0,0,0,0,0,0,1,2
46,5kt9sz62,,0,0,34,,,,0,,,0.0,,,,0,,,,axwn0hu9,,,,,0,3.0,1.0,welfare,0,,46,,0.0,,,,,,,,,,,,,,,,,,,,,,,,,,,,,,,,,,,,,,0,0,0,0,0,0,0,0,0,0,0,1,1,46,,0.0,,,,,,,,,,,,,,,,,,,,,,,,,,,,,,,,,,,,,,0,0,0,0,0,0,0,0,0,0,0,1,2
47,bzar5bj4,,0,0,34,,,,0,,,0.0,,,,1,,,,axwn0hu9,,,,,0,3.0,1.0,welfare,0,,47,,0.0,,,,,,,,,,,,,,,,,,,,,,,,,,,,,,,,,,,,,,0,0,0,0,0,0,0,0,0,0,0,1,1,47,,0.0,,,,,,,,,,,,,,,,,,,,,,,,,,,,,,,,,,,,,,0,0,0,0,0,0,0,0,0,0,0,1,2
48,b7amyk12,,0,0,34,,,,0,,,0.0,,,,0,,,,axwn0hu9,,,,,0,3.0,1.0,welfare,0,,48,,0.0,,,,,,,,,,,,,,,,,,,,,,,,,,,,,,,,,,,,,,0,0,0,0,0,0,0,0,0,0,0,1,1,48,,0.0,,,,,,,,,,,,,,,,,,,,,,,,,,,,,,,,,,,,,,0,0,0,0,0,0,0,0,0,0,0,1,2
49,8ro1j9ua,,0,0,34,,,,0,,,0.0,,,,1,,,,axwn0hu9,,,,,0,3.0,1.0,welfare,0,,49,,0.0,,,,,,,,,,,,,,,,,,,,,,,,,,,,,,,,,,,,,,0,0,0,0,0,0,0,0,0,0,0,1,1,49,,0.0,,,,,,,,,,,,,,,,,,,,,,,,,,,,,,,,,,,,,,0,0,0,0,0,0,0,0,0,0,0,1,2
50,8x0fy4cg,,0,0,34,,,,0,,,0.0,,,,0,,,,axwn0hu9,,,,,0,3.0,1.0,welfare,0,,50,,0.0,,,,,,,,,,,,,,,,,,,,,,,,,,,,,,,,,,,,,,0,0,0,0,0,0,0,0,0,0,0,1,1,50,,0.0,,,,,,,,,,,,,,,,,,,,,,,,,,,,,,,,,,,,,,0,0,0,0,0,0,0,0,0,0,0,1,2
